Feature,Importance_Mean,Importance_STD
study_time_hours,4.705179063886739,0.22487213282495447
previous_grade,2.882912631106507,0.14315828638213873
attendance_percent,1.3120958519142836,0.09013818889002839
internet_access,0.5261494991203796,0.06295927032710369
sleep_hours,0.2876645309458154,0.06284616741492763
part_time_job,0.1299673328204456,0.090892930456448
extracurricular_activities,0.019567528457748413,0.018953184531822098
parental_education,0.01260804797919531,0.009363760802900002
gender,0.005264044743687061,0.004640251722311322
